<?xml version="1.0" encoding="UTF-8"?>
<rss xmlns:dc="http://purl.org/dc/elements/1.1/" version="2.0">
  <channel>
    <title>Hungry Heart : Updates</title>
    <link>http://www.hungryheartmanhattanbeach.com/</link>
    <description>Break the compulsive binge eating cycle with The Hungry Heart’s proven counseling and weight loss programs.  We will teach you how to maintain a healthy eating plan while losing weight safely.</description>
    <language>en-us</language>
    <copyright>Copyright © 2014 Hungry Heart. All rights reserved.</copyright>
    <pubDate>Tue, 29 Jul 2014 14:36:28 GMT</pubDate>
    <dc:title>Hungry Heart : Updates</dc:title>
    <dc:publisher>Hungry Heart</dc:publisher>
    <dc:date>2014-07-29T14:36:28Z</dc:date>
    <dc:type>Text</dc:type>
    <dc:format>application/rss+xml</dc:format>
    <dc:language>en-us</dc:language>
    <dc:rights>Copyright © 2014 Hungry Heart. All rights reserved.</dc:rights>
  </channel>
</rss>

